,R_naught,Infectious_period
predicted_value,1.6748539209365845,1.4704633951187134
ci_2_5_boundary,1.2379918485879897,1.1688362473441958
ci_97_5_boundary,2.449687188863754,2.00038116560968
